{
  "ext/controller/Controllerid.controller.js.map": 1722492702080,
  "ext/controller/Idobj.controller.js": 1719463179628,
  "ext/controller/Listcontroller.controller.js": 1719465667422,
  "ext/controller/Objcontroller.controller.js": 1719465673978,
  "ext/controller/Controllerid.controller.js": 1719462971621,
  "manifest.json": 1722492701972,
  "Component.js": 1719381578492,
  "ext/controller/Idobj-dbg.controller.js": 1719463179628,
  "ext/controller/Idobj.controller.js.map": 1722492702080,
  "ext/controller/Listcontroller-dbg.controller.js": 1719465667422,
  "ext/controller/Listcontroller.controller.js.map": 1722492702080,
  "ext/controller/Objcontroller-dbg.controller.js": 1719465673978,
  "ext/controller/Objcontroller.controller.js.map": 1722492702080,
  "ext/controller/Controllerid-dbg.controller.js": 1719462971621,
  "i18n/i18n.properties": 1719381609179,
  "Component-dbg.js": 1719381578492,
  "Component.js.map": 1722492702082,
  "Component-preload.js": 1722492702152,
  "Component-preload.js.map": 1722492702152,
  "ext/fragment/Table.fragment.xml": 1722253954238,
  "index.html": 1719381578492
}